{
  "standard": {
    "epochs": 148,
    "best_epoch": 118,
    "best_val_loss": 0.8852120439211527,
    "last_epoch": 148,
    "last_val_loss": 0.9065009405215582,
    "test_metrics": {
      "loss": 0.9965606630779803,
      "Gs_f1": 0.9803921514802,
      "Gs_acc": 0.9932432431761321,
      "Gi/o_f1": 0.9733333282071113,
      "Gi/o_acc": 0.9729729729072315,
      "Gq/11_f1": 0.9411764654388814,
      "Gq/11_acc": 0.9527027026383309,
      "G12/13_f1": 0.49999999375000004,
      "G12/13_acc": 0.9864864864198319,
      "Gs_auroc": 1.0,
      "Gi/o_auroc": 0.9641485275288093,
      "Gq/11_auroc": 0.9863119336803547,
      "G12/13_auroc": 1.0
    },
    "best_val_metrics": {
      "Gs": {
        "f1": 0.9999999945454545,
        "acc": 0.9999999998863637,
        "auroc": 1.0
      },
      "Gi/o": {
        "f1": 0.9696969644031221,
        "acc": 0.9772727271616736,
        "auroc": 0.9911845730027549
      },
      "Gq/11": {
        "f1": 0.9444444391820987,
        "acc": 0.9545454544369836,
        "auroc": 0.9887820512820512
      },
      "G12/13": {
        "f1": 0.6666666577777778,
        "acc": 0.9886363635240186,
        "auroc": 1.0
      }
    }
  },
  "zeroshot": {
    "num_subfamilies": 196,
    "total_test_samples": 677,
    "n_test_distribution": {
      "3": 121,
      "4": 62,
      "5": 12,
      "6": 1
    },
    "loss": {
      "mean": 0.4885340411461324,
      "median": 0.36946597695350647,
      "max": 1.4327542781829834
    },
    "by_label": {
      "Gs": {
        "macro_f1": 0.1887755087159864,
        "weighted_f1": 0.19645494677252584,
        "macro_acc": 0.9744897930110544,
        "weighted_acc": 0.9734121094386999,
        "f1_nonzero_ratio": 0.18877551020408162,
        "macro_f1_bootstrap_95ci": [
          0.1887755087159864,
          0.13775510094725762,
          0.24502550830760986
        ]
      },
      "Gi/o": {
        "macro_f1": 0.39693877231207486,
        "weighted_f1": 0.38759231596159527,
        "macro_acc": 0.9489795890187076,
        "weighted_acc": 0.95273264127031,
        "f1_nonzero_ratio": 0.3979591836734694,
        "macro_f1_bootstrap_95ci": [
          0.39693877231207486,
          0.3265306095985969,
          0.4642857105724278
        ]
      },
      "Gq/11": {
        "macro_f1": 0.3444606385933257,
        "weighted_f1": 0.3436589970157568,
        "macro_acc": 0.9187925142713294,
        "weighted_acc": 0.9202363341198916,
        "f1_nonzero_ratio": 0.35714285714285715,
        "macro_f1_bootstrap_95ci": [
          0.3444606385933257,
          0.27936770908814834,
          0.41138665849339395
        ]
      },
      "G12/13": {
        "macro_f1": 0.0,
        "weighted_f1": 0.0,
        "macro_acc": 0.9846938746139456,
        "weighted_acc": 0.9837518435302806,
        "f1_nonzero_ratio": 0.0,
        "macro_f1_bootstrap_95ci": [
          0.0,
          0.0,
          0.0
        ]
      }
    },
    "top_failures_by_loss": [
      {
        "subfamily": "001_004_004_002",
        "n_test": 4,
        "loss": 1.4327542781829834,
        "min_acc": 0.0,
        "Gs_acc": 0.9999999975,
        "Gi/o_acc": 0.9999999975,
        "Gq/11_acc": 0.0,
        "G12/13_acc": 0.0,
        "Gs_f1": 0.0,
        "Gi/o_f1": 0.0,
        "Gq/11_f1": 0.0,
        "G12/13_f1": 0.0
      },
      {
        "subfamily": "001_004_003_006",
        "n_test": 4,
        "loss": 1.3361061811447144,
        "min_acc": 0.0,
        "Gs_acc": 0.9999999975,
        "Gi/o_acc": 0.9999999975,
        "Gq/11_acc": 0.0,
        "G12/13_acc": 0.0,
        "Gs_f1": 0.0,
        "Gi/o_f1": 0.0,
        "Gq/11_f1": 0.0,
        "G12/13_f1": 0.0
      },
      {
        "subfamily": "001_007_002_001",
        "n_test": 4,
        "loss": 1.2143547534942627,
        "min_acc": 0.0,
        "Gs_acc": 0.0,
        "Gi/o_acc": 0.9999999975,
        "Gq/11_acc": 0.9999999975,
        "G12/13_acc": 0.9999999975,
        "Gs_f1": 0.0,
        "Gi/o_f1": 0.0,
        "Gq/11_f1": 0.0,
        "G12/13_f1": 0.0
      },
      {
        "subfamily": "001_002_032_003",
        "n_test": 4,
        "loss": 1.2138090133666992,
        "min_acc": 0.0,
        "Gs_acc": 0.0,
        "Gi/o_acc": 0.9999999975,
        "Gq/11_acc": 0.9999999975,
        "G12/13_acc": 0.9999999975,
        "Gs_f1": 0.0,
        "Gi/o_f1": 0.0,
        "Gq/11_f1": 0.0,
        "G12/13_f1": 0.0
      },
      {
        "subfamily": "001_003_003_003",
        "n_test": 4,
        "loss": 1.182842493057251,
        "min_acc": 0.0,
        "Gs_acc": 0.9999999975,
        "Gi/o_acc": 0.9999999975,
        "Gq/11_acc": 0.0,
        "G12/13_acc": 0.9999999975,
        "Gs_f1": 0.9999999925,
        "Gi/o_f1": 0.0,
        "Gq/11_f1": 0.0,
        "G12/13_f1": 0.0
      },
      {
        "subfamily": "001_004_008_005",
        "n_test": 4,
        "loss": 1.1391618251800537,
        "min_acc": 0.0,
        "Gs_acc": 0.9999999975,
        "Gi/o_acc": 0.0,
        "Gq/11_acc": 0.0,
        "G12/13_acc": 0.9999999975,
        "Gs_f1": 0.0,
        "Gi/o_f1": 0.0,
        "Gq/11_f1": 0.0,
        "G12/13_f1": 0.0
      },
      {
        "subfamily": "001_004_008_006",
        "n_test": 4,
        "loss": 1.1295220851898193,
        "min_acc": 0.0,
        "Gs_acc": 0.0,
        "Gi/o_acc": 0.9999999975,
        "Gq/11_acc": 0.9999999975,
        "G12/13_acc": 0.9999999975,
        "Gs_f1": 0.0,
        "Gi/o_f1": 0.0,
        "Gq/11_f1": 0.0,
        "G12/13_f1": 0.0
      },
      {
        "subfamily": "001_002_018_001",
        "n_test": 3,
        "loss": 1.0766890048980713,
        "min_acc": 0.0,
        "Gs_acc": 0.0,
        "Gi/o_acc": 0.9999999966666667,
        "Gq/11_acc": 0.0,
        "G12/13_acc": 0.9999999966666667,
        "Gs_f1": 0.0,
        "Gi/o_f1": 0.0,
        "Gq/11_f1": 0.0,
        "G12/13_f1": 0.0
      },
      {
        "subfamily": "001_001_001_013",
        "n_test": 3,
        "loss": 1.0642735958099365,
        "min_acc": 0.0,
        "Gs_acc": 0.0,
        "Gi/o_acc": 0.0,
        "Gq/11_acc": 0.9999999966666667,
        "G12/13_acc": 0.9999999966666667,
        "Gs_f1": 0.0,
        "Gi/o_f1": 0.0,
        "Gq/11_f1": 0.0,
        "G12/13_f1": 0.0
      },
      {
        "subfamily": "001_004_003_005",
        "n_test": 3,
        "loss": 0.9997406005859375,
        "min_acc": 0.0,
        "Gs_acc": 0.9999999966666667,
        "Gi/o_acc": 0.9999999966666667,
        "Gq/11_acc": 0.9999999966666667,
        "G12/13_acc": 0.0,
        "Gs_f1": 0.0,
        "Gi/o_f1": 0.0,
        "Gq/11_f1": 0.9999999916666666,
        "G12/13_f1": 0.0
      },
      {
        "subfamily": "001_004_003_001",
        "n_test": 4,
        "loss": 0.9854379296302795,
        "min_acc": 0.0,
        "Gs_acc": 0.9999999975,
        "Gi/o_acc": 0.0,
        "Gq/11_acc": 0.9999999975,
        "G12/13_acc": 0.9999999975,
        "Gs_f1": 0.0,
        "Gi/o_f1": 0.0,
        "Gq/11_f1": 0.9999999925,
        "G12/13_f1": 0.0
      },
      {
        "subfamily": "002_001_005_001",
        "n_test": 4,
        "loss": 0.9328030347824097,
        "min_acc": 0.0,
        "Gs_acc": 0.9999999975,
        "Gi/o_acc": 0.9999999975,
        "Gq/11_acc": 0.0,
        "G12/13_acc": 0.9999999975,
        "Gs_f1": 0.9999999925,
        "Gi/o_f1": 0.0,
        "Gq/11_f1": 0.0,
        "G12/13_f1": 0.0
      },
      {
        "subfamily": "002_001_001_001",
        "n_test": 3,
        "loss": 0.8618930578231812,
        "min_acc": 0.0,
        "Gs_acc": 0.9999999966666667,
        "Gi/o_acc": 0.9999999966666667,
        "Gq/11_acc": 0.0,
        "G12/13_acc": 0.9999999966666667,
        "Gs_f1": 0.9999999916666666,
        "Gi/o_f1": 0.0,
        "Gq/11_f1": 0.0,
        "G12/13_f1": 0.0
      },
      {
        "subfamily": "001_002_006_002",
        "n_test": 4,
        "loss": 0.8433035612106323,
        "min_acc": 0.249999999375,
        "Gs_acc": 0.9999999975,
        "Gi/o_acc": 0.9999999975,
        "Gq/11_acc": 0.249999999375,