{
  "loss": 0.7167045693648489,
  "Gs_f1": 0.9615384561760355,
  "Gs_acc": 0.9864864864198319,
  "Gi/o_f1": 0.9599999948755558,
  "Gi/o_acc": 0.9594594593946311,
  "Gq/11_f1": 0.9137930982922117,
  "Gq/11_acc": 0.9324324323694302,
  "G12/13_f1": 0.0,
  "G12/13_acc": 0.9797297296635317,
  "Gs_auroc": 1.0,
  "Gi/o_auroc": 0.975306383757088,
  "Gq/11_auroc": 0.9689608636977058,
  "G12/13_auroc": 1.0,
  "proj_nmi": 0.7912001144197355
}