{
  "loss": 1.003187108784914,
  "Gs_f1": 0.6666666577777778,
  "Gs_acc": 0.9333333327111111,
  "Gi/o_f1": 0.7058823471280277,
  "Gi/o_acc": 0.6666666662222221,
  "Gq/11_f1": 0.5999999938,
  "Gq/11_acc": 0.7333333328444444,
  "G12/13_f1": 0.0,
  "G12/13_acc": 0.9999999993333333,
  "Gs_auroc": 1.0,
  "Gi/o_auroc": 0.7321428571428572,
  "Gq/11_auroc": 0.8200000000000001,
  "proj_nmi": 0.32208579607813065
}