layer,fdr_mean,nonfdr_mean,ratio
0,0.0024899613456247824,0.002531523537137399,0.9835821429653329
1,0.002209488194466514,0.0023056192124577663,0.9583057698895657
2,0.002147494473862349,0.002611030388689896,0.8224701187564003
3,0.002137783891147751,0.004550195900081938,0.46982238525362274
4,0.0027306198121420902,0.003197215768693357,0.8540617867833312
5,0.003316197452417501,0.0032044379392506,1.0348764792096543
