entry_name,receptor_name,coupling,n_raw_contacts,n_bw_contacts,bw_contacts,fdr_hits,fdr_precision,bw29_coverage
opn4_human,OPN4 (Melanopsin),Gq,13,9,"['3.50', '3.53', '3.54', '34.50', '34.53', '5.65', '5.71', '6.33', '6.36']","['3.53', '34.50', '34.53', '5.65', '5.71']",1.0,0.3103448275862069
hrh1_human,H1R,Gq,12,8,"['3.50', '3.53', '3.54', '34.50', '5.65', '5.71', '6.33', '6.36']","['3.53', '34.50', '5.65', '5.71']",0.8,0.27586206896551724
acm1_human,M1R,Gq,12,8,"['3.50', '3.54', '34.50', '34.53', '5.65', '5.71', '6.33', '6.36']","['34.50', '34.53', '5.65', '5.71']",0.8,0.27586206896551724
5ht2a_human,5-HT2A,Gq,12,8,"['3.50', '3.53', '3.54', '34.50', '34.53', '5.65', '6.33', '6.36']","['3.53', '34.50', '34.53', '5.65']",0.8,0.27586206896551724
oprm_human,MOR (μ-opioid),Gi,8,4,"['3.50', '3.54', '6.33', '6.36']",[],0.0,0.13793103448275862
acm4_human,M4R,Gi,8,4,"['3.50', '3.54', '6.33', '6.36']",[],0.0,0.13793103448275862
opsd_human,Rhodopsin,Gi,10,6,"['3.50', '3.54', '34.53', '5.71', '6.33', '6.36']","['34.53', '5.71']",0.4,0.20689655172413793
adrb2_human,β2-AR,Gs,10,6,"['3.50', '3.54', '34.53', '5.71', '6.33', '6.36']","['34.53', '5.71']",0.4,0.20689655172413793
glr_human,GLP-1R,Gs,7,4,"['3.50', '3.54', '6.33', '6.36']",[],0.0,0.13793103448275862
drd1_human,D1R,Gs/Gq,10,6,"['3.50', '3.54', '34.50', '5.65', '6.33', '6.36']","['34.50', '5.65']",0.4,0.20689655172413793
