entry_name,receptor_name,coupling,n_raw_contacts,n_bw_contacts,bw_contacts,fdr_hits,fdr_precision,bw29_coverage
opn4_human,OPN4 (Melanopsin),Gq,186,24,"['3.49', '3.50', '3.51', '3.53', '3.54', '3.55', '3.56', '34.50', '34.51', '34.52', '34.53', '34.54', '34.57', '5.61', '5.64', '5.65', '5.68', '5.69', '6.32', '6.33', '6.36', '8.47', '8.48', '8.49']","['3.53', '34.50', '34.53', '5.65']",0.8,0.8275862068965517
hrh1_human,H1R,Gq,117,6,"['34.51', '34.54', '5.69', '6.32', '8.48', '8.49']",[],0.0,0.20689655172413793
acm1_human,M1R,Gq,182,16,"['3.50', '3.53', '3.54', '3.55', '34.50', '34.51', '34.54', '34.57', '5.64', '5.65', '5.68', '5.69', '5.71', '6.33', '8.47', '8.48']","['3.53', '34.50', '5.65', '5.71']",0.8,0.5517241379310345
5ht2a_human,5-HT2A,Gq,120,5,"['34.51', '34.52', '34.54', '34.55', '34.56']",[],0.0,0.1724137931034483
oprm_human,MOR (μ-opioid),Gi,157,23,"['3.49', '3.50', '3.53', '3.54', '3.55', '34.50', '34.51', '34.52', '34.53', '34.54', '34.55', '34.57', '5.61', '5.64', '5.65', '5.68', '6.32', '6.33', '6.36', '6.37', '8.47', '8.48', '8.49']","['3.53', '34.50', '34.53', '5.65']",0.8,0.7931034482758621
acm4_human,M4R,Gi,166,23,"['3.49', '3.50', '3.53', '3.54', '34.50', '34.51', '34.52', '34.53', '34.54', '34.55', '34.56', '34.57', '5.61', '5.64', '5.65', '5.68', '5.71', '6.32', '6.33', '6.36', '6.37', '8.47', '8.48']","['3.53', '34.50', '34.53', '5.65', '5.71']",1.0,0.7931034482758621
opsd_human,Rhodopsin,Gi,132,23,"['3.49', '3.50', '3.53', '3.54', '3.56', '34.50', '34.51', '34.52', '34.53', '34.54', '34.55', '5.61', '5.64', '5.65', '5.68', '5.71', '6.32', '6.33', '6.36', '6.37', '8.47', '8.48', '8.49']","['3.53', '34.50', '34.53', '5.65', '5.71']",1.0,0.7931034482758621
adrb2_human,β2-AR,Gs,147,24,"['3.49', '3.50', '3.53', '3.54', '3.55', '34.50', '34.51', '34.52', '34.53', '34.54', '34.55', '5.61', '5.64', '5.65', '5.68', '5.69', '5.71', '6.32', '6.33', '6.36', '6.37', '8.47', '8.48', '8.49']","['3.53', '34.50', '34.53', '5.65', '5.71']",1.0,0.8275862068965517
glr_human,GLP-1R,Gs,151,11,"['3.50', '3.53', '3.54', '5.61', '5.64', '5.65', '5.67', '6.37', '8.47', '8.48', '8.49']","['3.53', '5.65']",0.4,0.3793103448275862
drd1_human,D1R,Gs/Gq,107,10,"['3.55', '3.56', '34.50', '34.51', '34.52', '34.54', '34.55', '5.67', '5.68', '5.71']","['34.50', '5.71']",0.4,0.3448275862068966
