strategy,mean_auc,std_auc,n_folds_completed
Random CV,0.5312360940536269,0.05973757821696603,50
Group CV,0.5163893935422269,0.07474201614072624,46
Family CV,0.505266284888718,0.08118380462695758,50
SeqCluster CV (30%),0.5352668468250621,0.06811514928732827,50
