strategy,mean_auc,std_auc,n_folds_completed
Random CV,0.5498090037199627,0.057493736351846125,50
Group CV,0.5790569566408106,0.2057893858776959,41
Family CV,0.5126071405918832,0.06882397997805287,50
SeqCluster CV (30%),0.5225689953729374,0.05248716337626949,50
